donor_id,name,email,join_date
1,Maureen West,lsmith@example.net,2023-04-13
2,Laurie Nelson,toddhaynes@example.org,2022-06-22
3,Taylor Walker,bmartin@example.net,2020-07-30
4,Jay Barnes,michellebennett@example.net,2020-12-23
5,Kayla Sanchez,deanmurphy@example.net,2020-08-02
6,Brent Houston,john26@example.org,2022-07-25
7,Corey Dawson,davischristopher@example.org,2024-06-14
8,Veronica Le,jbennett@example.net,2021-09-10
9,Alexandra Martin,barry54@example.org,2023-07-30
10,Gavin Roberson,sandra48@example.org,2021-04-29
11,Samuel Lawson,bryantteresa@example.com,2023-10-04
12,Summer Jensen,wallacecharles@example.net,2022-06-05
13,Alexander Blevins,wrightsheila@example.org,2021-11-16
14,Shaun Atkinson,awilson@example.net,2023-05-02
15,Theodore Schmidt,robin37@example.net,2024-07-06
16,Miguel Hernandez,dylanscott@example.net,2023-12-06
17,Theresa Oliver,yphillips@example.net,2024-04-10
18,David Jones,arnoldrussell@example.net,2021-04-15
19,Brian Johnson,jamie26@example.net,2023-08-09
20,Joshua Sanders,chavezjustin@example.net,2021-11-12
21,Joseph Berry,rickymedina@example.com,2021-01-12
22,Hunter Brown,brownjoseph@example.com,2023-10-16
23,Jeffrey Phillips,maryshannon@example.org,2020-09-20
24,Destiny Bryant,kari83@example.net,2022-09-19
25,Amber Patel,andrew61@example.com,2020-07-09
26,Patricia Tapia,joshuazhang@example.com,2022-06-20
27,Elizabeth Chambers,cmccarthy@example.org,2023-07-03
28,Curtis Brown,josephterri@example.org,2021-06-01
29,Theresa Lee,nlee@example.com,2022-11-06
30,Amber Lane,raymondmorris@example.net,2024-09-12
31,Melinda Dunn,jessica34@example.net,2024-07-28
32,William Terrell,jesusallen@example.org,2020-04-26
33,Adam Roach,desireepatrick@example.net,2021-09-09
34,Mary Gilbert,kennethfuller@example.org,2022-02-28
35,Joyce Johnson,hwilliams@example.net,2023-02-03
36,Susan Reynolds,karenrobinson@example.com,2021-01-03
37,Donna Johnson,emilymckay@example.org,2024-09-05
38,Amanda Howe,nbaker@example.org,2023-04-16
39,Stephanie Small,sarah07@example.com,2024-12-02
40,Christopher Crawford,ahenderson@example.org,2021-10-25
41,Dana Wade,josephhebert@example.org,2021-07-24
42,Angela Meadows,clarencesmith@example.com,2021-08-15
43,Steven Pittman,bradfordchristopher@example.com,2024-09-05
44,Thomas Carter,chaneylisa@example.org,2024-05-12
45,Sarah Newman,jacob62@example.com,2021-03-21
46,Nicole Scott,fbaker@example.org,2023-05-05
47,Thomas Coleman,cdavidson@example.com,2023-06-30
48,Troy Taylor,helen64@example.net,2024-07-13
49,Nicole Heath,xunderwood@example.org,2023-10-30
50,Melissa Osborne,elizabethfrey@example.com,2023-11-14
51,Crystal Hamilton,amberwinters@example.net,2024-09-18
52,Heather Richardson,jamescampos@example.com,2022-12-12
53,Michelle Mendez,pkennedy@example.com,2021-11-26
54,Danny Wheeler,fred25@example.org,2025-03-22
55,Lisa Martin,codysims@example.net,2024-09-18
56,Samantha Jenkins,oblake@example.net,2023-07-25
57,Rodney Santos,gcrawford@example.org,2023-11-15
58,Raven Adams,travis29@example.net,2022-01-31
59,Joel Velazquez PhD,ashleypitts@example.com,2021-05-16
60,Sylvia Becker,angela35@example.com,2020-08-20
61,Evan Foster,esparzadavid@example.net,2023-05-10
62,Justin Clements,bradcooper@example.net,2024-03-27
63,Jasmine Brown,michelleparsons@example.org,2022-05-05
64,Jacqueline Newman,douglasreilly@example.net,2023-07-05
65,Ann Larson,lisa29@example.net,2024-11-06
66,Jennifer Smith,nealjennifer@example.com,2022-10-29
67,Denise Ellison,jenniferfletcher@example.com,2023-11-16
68,Rebecca Hoffman,debbiegordon@example.net,2022-11-06
69,Catherine Melton,briansmith@example.com,2024-10-17
70,Vicki Hebert MD,saraperkins@example.com,2023-02-10
71,Melissa Hubbard,ycox@example.com,2023-06-11
72,Riley Powers,ramoswalter@example.org,2022-04-03
73,William Kim,leonardcharlotte@example.net,2024-10-16
74,Stacey Callahan,dwong@example.net,2023-12-15
75,Jennifer Zuniga,pattersonannette@example.net,2024-08-29
76,Willie Cobb,larsenronald@example.net,2023-07-25
77,Wendy Meyer,vkelley@example.net,2023-09-28
78,Matthew Owens,wmartinez@example.org,2022-01-24
79,Ronald Elliott,tclark@example.org,2020-07-07
80,Susan Moore,davisdana@example.org,2022-04-18
81,Miss Ashley Stephens,zachary90@example.org,2023-10-31
82,Richard Bright,mcphersonchad@example.net,2025-02-02
83,Carmen Wallace,robinsontanya@example.net,2020-11-13
84,Jessica Garcia,gpennington@example.com,2024-12-18
85,Laura Harris,leslie66@example.org,2024-06-29
86,Darrell Roberts,jose24@example.org,2022-07-20
87,Victor Oneill,xmorales@example.com,2021-08-05
88,Brenda Green,thomasjared@example.com,2020-10-04
89,Anita Lee,david06@example.org,2022-10-08
90,Jeffrey Palmer,hallhunter@example.net,2023-03-18
91,Ryan Short,john01@example.net,2024-02-29
92,Marvin Serrano,brownwendy@example.com,2022-12-30
93,Jeffrey Bradley,angela07@example.org,2021-02-07
94,Stacy Costa,neilharvey@example.net,2020-12-27
95,Aaron Miller,bwilliams@example.com,2024-07-08
96,Michael Gonzales,brittany18@example.net,2020-10-18
97,Alison Moody,omueller@example.org,2021-08-04
98,Peter Robinson,smithkathleen@example.org,2023-12-23
99,Kim Phelps,rharris@example.net,2020-09-04
100,Douglas Mason,williamdunn@example.net,2021-06-17
101,Jason Adams,tiffanybell@example.org,2023-06-12
102,Paul Alvarez,rebeccaberry@example.org,2020-04-20
103,Mary Howell,quinnlisa@example.net,2020-06-23
104,Corey Reese,deannabaker@example.org,2024-09-16
105,Christopher Smith,janebrown@example.com,2023-11-29
106,Jack Soto,cherylflowers@example.org,2023-08-05
107,Laura Williams,benjaminprince@example.org,2024-06-13
108,Kristina Mclaughlin,yprice@example.net,2025-01-02
109,Philip Hendricks,redwards@example.org,2025-01-05
110,Kevin Graves,ymendoza@example.org,2022-10-20
111,Brent Gentry,smithcandice@example.com,2022-05-20
112,Sarah Gonzalez,yodermatthew@example.org,2023-05-09
113,Megan Beard,randallbrewer@example.net,2022-02-24
114,Michael Hansen,rmartinez@example.net,2023-04-20
115,Shane Parker,amanda46@example.com,2022-06-24
116,Elizabeth Walker,anthonymark@example.net,2025-01-16
117,Adam Boyd,cody61@example.com,2023-02-03
118,Rachel Franklin PhD,jonathanhernandez@example.com,2024-01-23
119,Jessica Reilly,luis25@example.net,2024-02-18
120,Kelly Herrera,lwatts@example.com,2021-04-16
121,Carrie Harvey,leonardsmith@example.net,2024-04-26
122,Matthew Peterson,hunter78@example.com,2021-10-21
123,Nathan Lee,brandon23@example.net,2022-09-28
124,Mark Fischer,adam57@example.org,2024-07-22
125,Nicole Costa,montgomerypamela@example.com,2021-05-15
126,Judy Williams,wward@example.com,2023-06-16
127,Bryan Johnson,spencer10@example.net,2024-05-06
128,Mark Scott,darlene87@example.com,2024-06-27
129,Tammy Cook,ystokes@example.com,2024-02-16
130,Thomas Garcia,davilashane@example.net,2023-06-10
131,Nancy Morse DDS,ajensen@example.com,2022-09-16
132,David Rogers,coxdylan@example.org,2024-05-31
133,Richard Scott,dward@example.com,2020-09-19
134,William Hernandez,lkelly@example.org,2024-05-26
135,John Calhoun,alexander80@example.org,2024-07-31
136,Michael Scott,meyerjoseph@example.org,2025-01-10
137,Margaret Harper,ekidd@example.org,2024-07-20
138,Arthur Espinoza,scott42@example.net,2021-12-08
139,Larry Herman,nherman@example.com,2023-08-27
140,Jessica Ford,brownjessica@example.org,2020-09-23
141,Patricia Vance,xjenkins@example.net,2025-04-10
142,Kelly Vasquez,katherineshannon@example.net,2021-06-25
143,Michael Williams,grimeslonnie@example.org,2021-02-26
144,Tammy Strong,shanedavis@example.com,2021-03-16
145,Jack Kirby,mark89@example.com,2024-08-03
146,Mark Robertson,justin31@example.net,2021-02-12
147,Larry Brock,hendersonphillip@example.org,2025-01-30
148,Lisa Silva,batesandrew@example.org,2020-12-04
149,Tammy Cook,sanchezricky@example.net,2025-01-25
150,Carly Anderson,ufrye@example.net,2022-09-20
151,Jason Murray,ianramsey@example.net,2021-05-26
152,Michael Tran,kking@example.org,2022-03-16
153,Heather Stevens,joshuagarcia@example.org,2022-02-13
154,Melissa Thomas,vshepard@example.org,2024-09-13
155,Mikayla Neal,ythornton@example.org,2024-12-29
156,Richard Parker,martincarol@example.net,2020-10-15
157,Destiny Anderson,hoffmanalexis@example.net,2023-01-13
158,Alexis Frey,jennifer80@example.net,2022-08-16
159,Jeremy Pena,pramos@example.com,2021-05-16
160,Paula Davis,karen56@example.org,2024-02-29
161,Angela Perkins,richardchapman@example.org,2023-07-24
162,Kathryn Arnold,alexandra22@example.com,2023-12-10
163,Brandy Foster,esmith@example.com,2022-07-31
164,Cody Ward,dscott@example.com,2022-10-10
165,Jackson Roth,katherinejohnston@example.net,2023-12-07
166,Brett Robertson,donna24@example.org,2021-12-16
167,David Hayes,ronaldmoore@example.org,2023-08-06
168,Jennifer Anderson,wrandolph@example.com,2023-04-22
169,Mark Lee,roberthernandez@example.net,2024-04-24
170,William Hill,whitechristopher@example.org,2024-01-17
171,Craig Smith,lindarobinson@example.net,2023-10-13
172,Jaclyn Todd MD,nicole73@example.org,2020-07-05
173,Patricia Wiggins,luis33@example.net,2024-01-17
174,Sarah Cross,jrasmussen@example.com,2022-03-11
175,Joshua Cowan,belljesse@example.net,2023-07-30
176,Joseph Kaufman,michaelfarmer@example.org,2024-01-02
177,Kelsey Williams,geaton@example.org,2024-06-09
178,Douglas Wilson,jonesshannon@example.com,2025-01-21
179,Melvin Gomez,mbrooks@example.org,2022-07-21
180,Isabel Roberts,melindamaddox@example.net,2022-02-27
181,Joshua Green,valeriereed@example.org,2021-12-25
182,Joann Miller,seangibson@example.com,2022-08-29
183,Katie Freeman,jeffbailey@example.org,2021-12-02
184,Laura Bennett,poolekarina@example.com,2021-07-31
185,Jeffrey Alvarez,kristinamcclure@example.net,2021-07-10
186,Suzanne Bernard,kari22@example.org,2022-08-26
187,Marisa Yu,michaelsims@example.net,2022-09-15
188,Billy Solis,justin52@example.org,2021-03-15
189,Sherry Chan,laura00@example.com,2020-07-22
190,Todd Villarreal,amandamartinez@example.org,2023-03-02
191,John Wright,rebeccascott@example.org,2023-10-03
192,Joshua Ward,vchapman@example.com,2023-01-30
193,Michael Hamilton,elizabeththompson@example.net,2022-02-23
194,Travis Smith,christine00@example.com,2022-07-09
195,Scott Holland,arthur09@example.org,2022-09-15
196,Patricia Mitchell,fernandoanderson@example.com,2023-03-14
197,William Davila,lewisguy@example.org,2020-10-06
198,Gregory Little,umccoy@example.net,2024-01-30
199,Erin Kennedy,kingderek@example.org,2024-10-21
200,Joseph Carpenter,halenatasha@example.net,2024-05-29
201,Aaron Davidson,browningvanessa@example.net,2021-03-19
202,Stephanie Anderson,shanedeleon@example.net,2024-11-08
203,Alex Cannon,clarksandra@example.net,2023-04-02
204,Sandra Berger,benjaminpearson@example.net,2021-04-12
205,Adam Frank,summersamanda@example.net,2023-11-03
206,Katherine Elliott,bmeyers@example.net,2021-07-20
207,Julia Smith,martinholmes@example.com,2025-02-10
208,Peter Harmon,vross@example.org,2020-04-26
209,Carrie Rodriguez,benjaminfrancis@example.com,2020-10-13
210,Elaine Vaughn,sotomichael@example.net,2020-06-22
211,Walter Chavez,lwelch@example.net,2022-05-21
212,Eileen Clark,kburke@example.org,2023-12-23
213,Shawn Miller,scottdonald@example.net,2023-04-12
214,Rachel Larson,craig92@example.net,2020-11-26
215,Jason Palmer,nmartin@example.com,2021-06-18
216,Vincent Saunders,richardowen@example.com,2021-06-16
217,Shelby Owens,jonathan25@example.org,2022-03-17
218,Kyle Cook,seanlove@example.net,2024-02-08
219,Alicia Sexton,justin03@example.org,2024-12-22
220,Emily Fisher,ofoster@example.net,2023-06-11
221,David Pineda,idouglas@example.org,2023-06-28
222,Andrea Franklin,donaldvaughan@example.org,2023-01-11
223,Jay Garner,jasonkelly@example.net,2021-02-17
224,James Sullivan,kathy58@example.com,2023-07-23
225,Michael Stein,lproctor@example.net,2021-10-13
226,Keith Murphy,joanna67@example.net,2022-12-30
227,Joshua Flores,onoble@example.com,2021-12-21
228,Shelia Turner,cliffordbates@example.net,2023-10-19
229,Caleb Chen,kyle53@example.org,2023-04-24
230,Stephanie Walker,kleinjeffrey@example.org,2023-09-05
231,Adam Daniels,oburke@example.net,2023-05-30
232,Sandra Simmons,hinesmeredith@example.com,2024-01-26
233,Danielle Hernandez,patelnicholas@example.com,2022-12-24
234,Matthew Kim,trevor87@example.com,2021-09-12
235,Mary Smith,yklein@example.org,2023-12-31
236,Frederick Gardner PhD,wellsdavid@example.com,2021-01-30
237,Tonya Castillo,ywilkerson@example.net,2023-10-31
238,Robert Johnson,spage@example.org,2024-04-28
239,James Malone,jeffreyconner@example.com,2021-01-26
240,Kathleen Green,tyronemiller@example.org,2022-04-30
241,Kenneth White,rodriguezhaley@example.org,2021-01-07
242,Michael Carlson,stephen23@example.net,2022-06-21
243,John Hughes,victoria26@example.com,2024-08-27
244,Lori Miller,hendrixbenjamin@example.com,2023-03-27
245,Lisa Bennett,valenzuelamichael@example.com,2024-08-06
246,Heather Cole,brettphillips@example.com,2024-01-30
247,Nicole Richard,timothy25@example.org,2020-09-20
248,Brandon Maxwell,robertdrake@example.com,2022-04-11
249,Angela Brown,sadams@example.net,2020-07-27
250,Timothy Scott,gibbssharon@example.org,2021-02-07
251,Julie Goodman MD,susansmith@example.org,2020-12-17
252,Daniel Wang,rebeccajones@example.org,2023-05-15
253,Madeline Morgan,wrobinson@example.net,2022-10-26
254,Tammy Snyder,keithelizabeth@example.com,2024-08-15
255,Jeanne Rodriguez,thomaspena@example.net,2023-02-05
256,Donald Kramer Jr.,tlucero@example.com,2025-01-22
257,Richard Stevenson,mharrington@example.net,2022-06-25
258,David Young,isaac40@example.org,2020-10-27
259,Carol Ellison,walkererin@example.org,2023-08-03
260,James Johnson,manningandrew@example.com,2020-04-18
261,Samantha Alvarez,hillmark@example.org,2020-05-27
262,Lisa Stein,joshuataylor@example.org,2020-05-31
263,Frank Miller,pcarter@example.org,2021-03-12
264,Michael Meyers,omorris@example.net,2024-10-17
265,Charles Harvey,stephanie11@example.org,2021-01-10
266,Paul Hernandez,estradajoseph@example.org,2023-02-12
267,Stefanie Ibarra,matthewsmichael@example.com,2022-08-11
268,Kayla Matthews,parktanya@example.net,2022-08-24
269,Marco Bryant,myerskelly@example.com,2023-05-13
270,Angela Fitzpatrick,kwalters@example.net,2022-11-20
271,Barbara Hammond,theresakennedy@example.net,2023-01-24
272,William Mann,ljimenez@example.org,2021-09-28
273,Michael Singh,rebecca65@example.net,2024-05-10
274,Erica Mays,nicholas88@example.com,2021-01-23
275,Natasha Anderson,bradleylewis@example.net,2025-03-24
276,Jeanette Francis,ortizmichael@example.org,2024-06-29
277,Jennifer Parker,pattersonjoshua@example.com,2022-06-09
278,Shelley Ramos,armstrongalicia@example.net,2020-05-10
279,Jasmine Nguyen,xbowman@example.net,2020-08-20
280,Michael Bowen,robinsonsteven@example.com,2025-01-04
281,Richard Brandt,daniel83@example.org,2022-06-27
282,Trevor Reed,brad38@example.org,2022-04-22
283,Lori Vincent,jessicadavis@example.net,2023-04-02
284,Patrick Armstrong,jason84@example.net,2020-12-09
285,Stephanie Harrison,dwilson@example.net,2025-04-07
286,Phillip Nguyen,vpayne@example.com,2024-09-30
287,Debra Stephens,grahamjoshua@example.org,2020-10-05
288,James Coleman,shawnharris@example.org,2023-11-08
289,Paul Steele,morrisjonathan@example.org,2022-08-31
290,Joseph Jackson,michellesmith@example.org,2021-07-15
291,Larry Hawkins,heidi32@example.com,2020-10-28
292,John Clark,christopherwoodard@example.net,2021-09-20
293,Raymond Johnson,johnsondaniel@example.net,2023-11-09
294,John Gaines,erhodes@example.net,2022-09-15
295,Cynthia Smith,sarah67@example.org,2021-05-27
296,Justin Mack,aaronweber@example.org,2022-12-29
297,Leah Jordan,moorelucas@example.net,2023-01-30
298,Juan Anderson,ginaholloway@example.net,2020-07-18
299,Ronald Douglas,zlee@example.org,2021-05-21
300,Kelly Mills,leesusan@example.org,2023-07-29
